{"cameraMode":{"drawMode":0,"name":"Shaded","section":"Shading Mode"},"sceneLighting":false,"audioPlay":false,"sceneViewState":{"showFog":true,"showMaterialUpdate":false,"showSkybox":false,"showFlares":true,"showImageEffects":true,"showParticleSystems":true},"in2DMode":false,"pivot":{"x":2.1378414630889894,"y":0.4784269332885742,"z":2.1416306495666506},"rotation":{"x":-0.4978434443473816,"y":0.31319519877433779,"z":-0.1988997906446457,"w":-0.7839173078536987},"size":0.8660253882408142,"orthographic":false}